,time_to_tca,miss_distance,mahalanobis_distance,geocentric_latitude,azimuth,elevation,F10,F3M,SSN,AP,relative_position_r,relative_position_t,relative_position_n,relative_velocity_r,relative_velocity_t,relative_velocity_n,relative_speed,t_cd_area_over_mass,t_cr_area_over_mass,c_cd_area_over_mass,c_cr_area_over_mass,t_ct_r,t_cn_r,t_cn_t,t_crdot_r,t_crdot_t,t_crdot_n,t_ctdot_r,t_ctdot_t,t_ctdot_n,t_cndot_r,t_cndot_t,t_cndot_n,t_ctdot_rdot,t_cndot_rdot,t_cndot_tdot,t_sigma_r,t_sigma_t,t_sigma_n,t_sigma_rdot,t_sigma_tdot,t_sigma_ndot,c_ct_r,c_cn_r
alpha,0.90182011645852,-1.0,-0.0377156950778103,-0.0657590846900382,0.0980538934721281,0.1257175322645746,0,0,0,0,-0.7366592868773281,-0.3736924646599622,-0.6670327935769305,-0.0304209157378649,0.138171934565674,-1.0,-0.0958778473492969,0.521963220671495,0.4022005686173131,0.40664464237258624,0.48205754785615795,0.83582270880999,0.944780778122255,0.8787991334176339,0.86742110930688,0.937936872904321,0.8870019518594275,0.9795867324394921,0.8355136428248087,0.9497402383700952,0.9122904561005354,0.8460914683247053,0.3917582041017206,0.9053350700644391,0.8400496022012223,0.9257388700299047,0.95261446069269,0.943539885758824,0.9660253076898208,0.9135882928609633,0.9521380472926012,0.8215421942068372,0.22951726233124825,0.609463111376133
anglit,-0.000132668929236,0.1219409750957758,0.0076360045387505,-0.3870953566159196,0.7551234096669576,0.0070022455550444,0,0,0,0,0.1819884684817784,0.2304989876825687,0.3274763963867525,0.0314683305837076,-0.3407626995163069,-0.1311959951918786,-0.0231451119473664,0.125248785094065,0.05891642210692283,-0.004331662125125035,-0.008254725699176513,0.5889970251389745,0.35649132657600846,0.15825023644653935,0.7246022603169979,0.006170233012313342,0.19995715097473732,-9.471306430697268e-06,0.6104921207322745,0.36806946164566334,0.2651358231206946,0.1608610228208599,0.449088535259485,0.7356579306137758,0.15587266897733354,0.26332934187883905,0.33237918030906666,0.28478534941743805,0.2659890665785686,0.2134721132262697,0.3067967433904558,0.20627765559621136,0.10417146508454977,0.5433148978878228
arcsine,0.0698730507227078,0.0869975976646917,0.185125691306429,0.5891267155858356,-1.0,-0.0131645327533771,0,0,0,0,-0.2580328867568351,-0.3565187559621807,-0.5453700876494929,-0.0536496716653434,-0.2840819724145584,-1.0,-0.248714947055697,-0.20379998457526827,0.25303735272268324,0.01168323946296912,0.023056805343020792,-1.0,-0.502886492612528,-0.21664873958154063,-1.0,0.1772041701801943,-0.23457209991090977,0.016082139662207173,-1.0,-0.5237962722331053,-0.3634808915529235,-0.22461267565491783,-1.0,-1.0,-0.2184471860972157,-0.36268390961281716,0.03571698003702317,-0.06781420042539321,0.07427381938405964,-0.020437061860888672,0.04180319734543003,0.02795108186171491,-0.4930325881656641,-1.0
argus,-0.0337780932652225,-0.1869929615403764,-0.0082535685032476,-0.3283730177244848,0.2732823460537379,0.0037460832041069,0,0,0,0,0.0698399342627941,0.1024474335736154,0.1486219321049098,0.0138767331611218,-0.3588948422419018,0.0027421083213379,0.2716138721174999,-0.03390845646386631,-0.10176382047826116,-0.15263153640646143,-0.09439171719519002,0.18635203559573832,0.24288684912665426,0.0744975429556396,0.4671522135948435,-0.009740442440433483,0.07250099599277016,-4.7610562839306425e-05,0.31212445730576543,0.08770273631824022,0.1605325497609078,0.06504547782746417,0.6090977918678654,0.29947125805037,0.07187763737629427,0.08069826670567015,-0.12264119501222859,-0.057809066061826675,-0.023663099736512594,-0.043022916061795646,-0.027847940979319974,-0.017640860152574378,-0.35998511586221604,0.5370161950034388
beta,0.1112529939306826,0.9540727739501146,0.9544124275142694,0.5096579680820106,0.7897240696517838,0.1351151393181114,0,0,0,0,0.7963084212320486,0.4775467547356583,0.5689328705203105,0.3575852437973668,-0.2072217262153664,0.1264397535843207,0.3142235563893725,0.4943403641280666,0.6528572556570755,0.657670096249929,0.6341202606215302,0.8403432077591327,0.9457715486282849,0.8799109061941991,0.8855804890070963,0.9230996830009927,0.8991318870543362,0.548670372780703,0.8681593417711113,0.9449430212789566,0.928512515494091,0.8531035762389101,0.07459592385696923,0.8782555058546913,0.8520054459644276,0.9245585222500766,0.7988493350774968,0.7936567006056401,0.9277044548800549,0.702290740129929,0.7971876927657303,0.7609020921353591,0.15514799396684031,0.550560530496021
betaprime,0.3654013389488617,0.8306863731197504,0.9906170216784786,-0.2404537298540123,0.7016552581547817,0.1343070210444064,0,0,0,0,0.7927737580064479,-1.0,-1.0,-0.3118697414322071,-1.0,-0.2816405994457556,1.1382286212335837e-05,0.517211667085589,0.4794147817134998,0.5662084151688627,0.7305405394455753,0.8414519332561088,0.9466621199363798,0.8797462145400028,0.8635968606171353,0.6539101634496896,0.8897402402505843,0.8827225959449025,0.6963432216164784,0.951548168104775,0.9235690313256385,0.8553109633377355,0.3878885564604768,0.9047685005747532,0.8509961171666118,0.842593505410278,0.9274811700032753,0.9354047798070402,0.9612799420674408,-0.0692629157010205,0.9244410773638584,0.31005419151878666,0.22478230639539798,0.5958843043445564
bradford,0.122205656550808,0.6438364132999332,0.324718993087968,0.0358688767988879,-0.0297817233738135,-1.3912952057104633e-07,0,0,0,0,-0.0261305338213213,-0.0459574530001365,-0.0748921113563807,-0.0051329629296033,-0.052296039364067,-0.1798413827890723,-0.0143006503606848,0.09765554716209501,0.6047989994105836,0.3480422445829965,0.7231168190574877,-0.07880403621539145,-0.10291425145725985,-0.02801978827703766,-0.31190887360034014,0.03173580546695898,-0.027001167731981246,0.00020392914570066534,-0.17334263070234002,-0.02909553441665902,-7.43656722934638e-06,-0.0243231579683294,-0.405691677808103,-0.17678106456489417,-0.02714094453919902,-0.03040207612836876,0.148668859408147,0.2960653500022983,0.12679362432664965,0.12449936533837824,0.26175755323369887,0.18761644406905642,0.28750441448159036,-0.6807104086715585
burr,0.8479913724771454,0.9393029403636748,0.9474621771764092,0.0337992009288302,-1.0,0.0788842585716405,0,0,0,0,0.6109064441946193,0.3552620050778985,0.4092244842483222,-0.7539581313600903,-1.0,-1.0,0.4206707735180748,0.5380144405169035,0.6811604078274711,0.5636805673107789,0.7128056168210961,0.6650607040097322,0.7394851321540264,0.7775950164700156,0.9305998617429814,0.7903295892033387,0.9445825680710833,0.35604651765808426,0.9186833178963184,0.9657164903131886,0.9765016579619504,0.955558031183539,0.20834293323530262,0.9053993593629962,0.9598340701743993,0.9737334353487596,0.9670875591496798,0.943935608460765,0.9654236418320481,0.9143638969926839,0.23388485200722264,0.17147394787730674,0.3893383461157325,0.23951122171240358
burr12,0.8674294356930263,0.822836571254996,0.9950849938634424,-0.4241572524974522,-1.0,-0.0333108866715237,0,0,0,0,-1.0,-0.3703766429645692,-1.0,-1.0,-1.0,-1.0,-0.0234979055238437,0.554341065335774,0.49494855811687544,0.5885196587260175,0.7108336740661152,0.8685434568924691,0.9628974146492123,0.9569789810947874,0.9050942575205752,0.9062124661990324,0.9544249715780992,0.35889103350292473,0.9085834923845169,0.9659277526392195,0.9745390135836339,0.9570962729835559,0.6768600991076272,0.8875036018277924,0.9419039742528382,0.9744504155305891,0.9692007641375563,0.9461824340519502,0.9572265535110218,0.9489106731914414,0.9711362191929308,0.8836833851114971,0.2297355744788473,0.6675648355057942
cauchy,0.8872578687058497,0.2614433445098546,0.6146563471928135,-0.5620487032904622,0.4018910058101738,0.9943376422716196,0,0,0,0,0.9694136107042676,0.776889560876223,0.8422518651248677,0.9799685652250344,-0.5516772298962758,-0.6687027466914979,0.140091403274238,0.43970954371269855,0.29098940085043157,0.3339833739430613,0.19390336235320138,0.8980562633225287,0.8578201083160379,0.9658071480211984,0.8348600530515379,0.7929774395142098,0.9606102178293641,0.8883363625116665,0.9183956532590769,0.8481082476015357,0.915774463722176,0.9602361255698894,0.32228497939219414,0.8450657853459329,0.9636753709249444,0.9157049979789179,0.9125399170048797,0.8836682763844199,0.8306379636808949,0.9189187036572836,0.931566379384094,0.9691436373467378,-0.010963295874294454,0.44477224752904587
chi,0.2531030918127875,0.9326263461978572,0.8632442951490527,0.0222781435731505,-1.0,-0.0730037767254403,0,0,0,0,-0.2201148575836546,-0.3717697140631821,-0.6684182859004011,-0.0356460779420397,-1.0,-1.0,-0.0005561881568503,0.47370579339163466,0.7680142922266289,0.6598898823928192,0.7815617228857533,0.8395503521356208,0.946124729152377,0.8809918465920433,0.8946144295610322,0.6918562903139849,0.8912316798309515,0.40491284194784005,0.8496825162671838,0.9515012529430378,0.9238007036041677,0.8495254172875579,0.45307278351758884,0.9036481958854572,0.8496552689640978,0.9237526711728498,0.47494248847107967,0.6151070292727887,0.38775815964024263,0.515424376815637,0.4616285362560528,0.3054788983593457,0.23034613948147797,0.6400242054025372
chi2,0.3019544929885865,0.3176629178497152,0.8394215147886928,0.0181497806315485,0.6976515778395707,0.0842737457893001,0,0,0,0,0.3497223239995877,0.4717798928264936,0.5493314058457022,0.1111380641220476,-1.0,-0.2638450869210529,-0.0233706349626159,0.06413053454135076,0.5612118791168275,0.6225635002776799,0.5014313051723873,-1.0,0.9400567867103282,0.8978463042938785,0.8696276262171194,0.7974096073386765,-0.1904141474400758,0.4255988024258145,-1.0,0.9482578048784427,0.9056386888909636,-0.17466911319982326,0.42541785915246777,0.9037445005347309,0.8352079634562961,0.9127426950368042,0.06989812258489814,0.8009397146551606,0.7649462715912071,-0.8322047008846145,0.7951090634669203,0.6059374012372616,-0.2361306744620728,0.6105830975294542
cosine,0.014327443812018,0.2232262150594461,0.0199925864305222,-0.4106824545655052,0.7676878215272247,0.0114484695932788,0,0,0,0,0.2877383323798671,0.3322549559742903,0.4383243091854693,0.0516081220237885,-0.3770353602694567,-0.221267732937977,-0.0099683265134757,0.21935415683499693,0.14268698685997294,0.06258976516196157,0.030024105443096638,0.7295496708445818,0.5264499880647309,0.2547201469812985,0.8437664034790339,-0.040266803543920426,0.2744631563011656,0.00010942036258654309,0.7504416902236912,0.5403528777650999,0.4086151871455971,0.2584963175598244,0.4828948046692899,0.8442345045176977,0.25093954846646105,0.40772700580085564,0.43965348866404863,0.38706526185100465,0.3560673060219337,0.29684338824115086,0.40785472483092555,0.2776224679058984,0.16536881064538222,0.6079666658425864
crystalball,0.0427413399904224,0.226366313298973,0.2011157100462196,-0.4368789178968173,0.7006595144811836,0.1802440264373329,0,0,0,0,0.7933461499506318,0.4775502434383843,0.568898141089561,0.4380763987468011,0.0,-0.3026494544865368,-0.4356610487376271,0.43432520726930335,0.30560195682372726,0.21326300171810586,0.11693361928653823,0.8404053306006272,0.9588991459560932,0.8981264063784794,0.9022561960006014,0.10190197443813342,0.9242150413720035,0.0014169019069646405,0.8622972386935448,0.9515701668316533,0.9583049014167214,0.8876846777850846,0.4630110195815158,0.8980543468043284,0.9019569993367064,0.9348131702054039,0.3874443165691238,0.47991581736095923,0.30876811647257063,0.4016221966418917,0.38315424043937807,0.2534890623331275,0.20688320722902764,0.6532445376448802
dgamma,0.592338604140233,0.293540345110478,0.6844386003837789,-0.0935482534352241,0.6616017623492136,0.7718221465244776,0,0,0,0,0.9617144886976372,0.8496261552473015,0.9526346593849684,0.8283000669809691,-0.3775437549577436,-0.1140319445834565,0.0701361288337734,0.5085416478767537,0.3448209866308416,0.3668906166300132,0.20119452842458885,0.9393252809831093,0.9550785755448735,0.9877369267325853,0.8948897375595544,0.5319615019815682,0.9819108959360031,0.40464331493045047,0.964800310893955,0.9604423929939866,0.9760124410194843,0.9846610781780927,0.46910189936184665,0.9032120141459143,0.9837639865391303,0.9752161294866363,0.874179153610326,0.8471981319220684,0.775736150594956,0.8565798537526153,0.9023669846897133,0.5381549377336471,0.14570474119286114,0.6028211056448048
dweibull,0.5197673834161791,0.3052828274122675,0.7045302404192026,0.2764467456036558,0.6752448124994024,0.8413284258810202,0,0,0,0,0.9625430973289224,0.97161840923243,0.9817417898707494,0.8739146351973617,-0.2290537576654971,0.1058681244288546,0.0630481927555915,0.4955627279126834,0.34387793564721136,0.36103374645015707,0.19052138943981112,0.9344752255660377,0.9533347396460613,0.9887337621877188,0.8924044844639227,0.4451068441697734,0.9826246036586236,0.2935792364964428,0.9536031864914261,0.966461410081297,0.973940276278131,0.9820835872257726,0.5452472888819311,0.897074983247194,0.9811157111020128,0.9729095698493077,0.7671962425816152,0.8667098775527111,0.7452425004548059,0.8721995956710433,0.8865134299860602,0.6247901828276298,0.11836554996455484,0.5894065438598995
erlang,0.3373168993228047,0.9048090058540712,0.9452320148659898,-0.4362543460599415,0.7007489036808073,0.125620807023837,0,0,0,0,0.7960290772036644,0.477542230598314,0.5684584897328313,-0.3931735971484773,-0.1084214469852882,-0.3024756226731586,-0.0180420599579338,0.502268071183994,0.6173098422942866,0.6374277657092824,0.6414556542949287,0.8412934851538282,0.9450272561326215,0.8812819489294392,0.8913695011475504,0.028572904763264573,0.8959624332021396,0.011770675037650502,0.8528298339372817,0.9514744557424569,0.9037625835297051,0.849168544310526,0.43417931257404874,0.9046723723815411,0.8486598378964321,0.9227359324674134,-0.12687314424544338,0.8009394879007203,-0.08921627759752782,-0.1659108086146921,-0.13325519665533436,-0.07357583903321263,0.20342157248349713,0.6315897027479622
expon,0.352590836388845,0.913748053657348,0.6861351823696655,-0.0154123668980801,-0.7775149795707388,-0.0041605903274448,0,0,0,0,-0.1058597373748115,-0.1674257203708684,-0.2811910794128398,-0.0180309896189316,-0.3852735800971898,-0.7970716266855371,-0.4468025168502878,0.019960159095641528,0.5918189283507911,0.5772798888064867,0.49319883041153045,-0.5648213728081635,-0.26570866665904047,-0.09355460901105772,-0.9429615329579217,0.5156015480372731,-0.09900098035606253,0.021534789795932485,-0.6115702655119661,-0.21996222757823447,-0.1781544109518023,-0.09307890217867776,-0.9556583556978697,-0.7764928454743092,-0.0922942914685414,-0.15315637281403793,0.4347850299992345,0.4530140431146794,0.5403805203151326,0.3680908052581001,0.4262482809069472,0.2921249705167207,-0.20892729269852972,-1.0
exponnorm,0.4663138867821454,0.91233983846723,0.6863173869308152,-0.4368788057333148,0.7006595338809584,0.1529731751998168,0,0,0,0,0.8087914861495146,0.4857729669379453,0.5743057864383522,0.4144709623772834,-0.4127009849639411,-0.3024607919101327,0.0065406212414274,0.5396494280020783,0.5916826500238961,0.577390049142907,0.4932253128417299,0.8464875182173042,0.9477969409581538,0.9024412257192571,0.9022563504731279,0.5174449201664457,0.9041007342713098,0.021495487550963643,0.8622976147708761,0.9583623735771182,0.9286094386161103,0.883049765012093,0.46301522615501356,0.9013741186858671,0.8704776329766838,0.9436567462851759,0.9229411260764833,0.9202965279891909,0.9372182759703189,0.8719126213073047,0.9229586320222942,0.7832709849679829,0.22915740863001588,0.653246090862672
exponweib,0.3709327806804701,0.6574833216391638,0.979502194422129,-0.0821361033677934,0.6594191896633919,0.1202475711863156,0,0,0,0,-1.0,0.3819946145368205,-1.0,-0.629670690746394,-1.0,-1.0,-1.0,0.5212502080004396,0.7256382407238027,0.6050106032074842,0.7677886666749962,0.8459877101425818,0.9488150186940821,0.8858622846500677,0.8916450414099344,0.7605288079857755,0.8958794357254662,0.4011098232376963,0.8731412650703492,0.9516903594287773,0.9311493599220426,0.8548939885139859,0.8803649849299395,0.8866397510559079,0.8486485622461645,0.9210881166590603,0.9168495595141436,0.9323829034290543,0.9518212378697701,-0.5989438840772563,0.9079218136469569,0.7601449064383439,0.21796731507916944,0.6681390990347553
exponpow,0.2733826902876708,0.9386855281143216,0.7422620893616061,-0.0485650808117075,-1.0,-0.3722084708717845,0,0,0,0,-0.2201148575836546,-0.3717697140631821,-0.6684182859004011,-0.0356590302251762,-1.0,-1.0,-0.994023303573406,0.34882200667673,0.6953397450834616,0.6705985619763253,0.7120195126603814,0.0449061092826587,0.769591909493555,0.4628392132931366,0.8486198489850214,0.6127940477905383,0.48932305814432164,0.3601057053611658,0.7486872672443607,0.7270848914913439,0.6475923073979355,0.4206598182398894,0.7054962138868734,0.7966920410750538,0.41386857037174607,0.5984007654300992,0.17754020515187185,0.41255733901345615,0.19778507445258198,0.3324935403816024,0.27023217025092594,0.10158698301095026,0.3276707949038723,0.6391190255304066
f,0.2835343312883164,0.6129239731688332,0.9756516958612684,-0.2533256722365926,0.7004722297589125,0.134953146632222,0,0,0,0,0.2266471844473551,0.4774166559019345,-0.934022573618893,-0.9928256163699052,-1.0,-0.3017638504384561,0.0023908391103276,-0.5595958442425697,0.6543882381131765,0.6118787277498084,0.597667461719275,-1.0,0.9477345905390531,0.8805470155550903,-1.0,0.4744213513189175,0.8986595855866786,0.0600454051089474,0.8597945073950457,0.9503882141067309,0.7359135533888654,-0.2067175036437241,0.46346656559407573,-1.0,0.8520385331914107,0.9248267328713694,-0.36083470093000725,0.9354844159546456,0.09890038020532177,-0.9204364769961957,-0.46355969748468473,-0.3541396502150689,-0.8162894419868179,-1.0
fatiguelife,0.596484399203778,0.3933421191790935,0.9902266502878662,0.0658291885227366,0.6913565567123309,0.1350220361578751,0,0,0,0,-0.2393606813388715,-0.3384915053319748,-0.5493032699907932,-0.1113782135360066,-1.0,-1.0,-1.0,0.5093044607316075,0.5051285254728792,0.47438826710958404,0.4394604222162817,0.8413890526915808,0.9477207317280059,0.8806793945633211,0.9005266343377812,0.8639259894415957,0.8987319356728021,0.7389805563741181,0.8617371768058384,0.9515364396798339,0.9251053102309067,0.8534376348065357,0.46212795214821734,0.9047433213316598,0.8523746223191913,0.9248948900820445,0.8594783752688107,0.8870781155459877,0.8739885525289319,0.7990437184111423,0.8571540403313607,0.6781672628763746,0.2186778409690292,0.6527120916781339
fisk,0.603444213233483,0.7034076146608454,0.8306190713239298,-0.0143617289927526,-1.0,0.3377511595112995,0,0,0,0,0.8872361918022316,-0.4990081904743952,-0.7900265108330404,0.4698960010819571,-0.151027291386923,-1.0,0.0218276385892356,0.5326568305796661,0.41492646341062445,0.4240983380912735,0.7133381985905887,0.9027592870834129,0.9631441521703363,0.9490667146922392,0.92190396680867,0.8777158458372718,0.6756224109503464,0.275214547106566,0.9221544710432507,0.9656968908216121,0.9740661134531127,0.9544745568526372,0.4348246828804928,0.9238130601945882,0.9562707348204148,0.9734673360249552,0.9679307226930827,0.9185192769167863,0.9549081383097772,-0.20909189940677053,0.970086399504095,0.8815348035651372,0.19904358513724418,0.6623371004518293
foldcauchy,0.8070442985161448,0.8058551274754884,0.8937589844979189,-1.0,-1.0,0.0402284484702146,0,0,0,0,-0.7278551503612165,-0.3719016463806202,-0.6675799236403424,-0.0352049277559805,-1.0,-1.0,0.1715165515343121,0.46012045078135067,0.4743553624157274,0.4939039806303206,0.4802093878499577,0.9343388727299222,0.8613210396061174,0.9657298681635961,0.8802179274698232,0.7292355434602827,0.9610187991242207,0.8249080549228034,0.22704967222513006,0.8546945552470534,0.9188116861414372,0.9610534583796759,0.38471534394042695,0.8869721667086955,0.9641757682714448,0.9161752086421039,0.9262284664309608,0.8860222838772024,0.8544785063328371,0.9119919660825245,0.9428737579545299,0.9715930005503738,0.30487746257195103,0.586914844553666
foldnorm,0.1607459167772129,0.7700521577162242,0.3211624702358806,-0.1848881086310296,0.7109350065846721,-0.946798094482734,0,0,0,0,-0.2201148575836546,-0.3717697140631821,-0.6684182859004011,-0.0356590302251762,-1.0,-1.0,-0.994023303573406,0.4289290999810841,0.5172800580676457,0.46726339628910496,0.3115914048574079,0.839121111254034,0.9477811001307624,0.8797562539586775,0.9016719256082819,0.10933692768038505,0.8990312704062003,0.0024301542869873405,0.8592876521729522,0.9515705014172404,0.9263241765342691,0.8527434320673573,0.46118131804849016,0.8975506503382276,0.39303559432407453,0.9221823869904419,0.522182972527252,0.5840968585773931,0.4794077680794797,0.4841541052285452,0.5151460897991476,0.3584647217992506,0.45239141225408575,0.6722925648376719
genlogistic,0.1729639105455376,0.4659706199728538,0.4260562599033356,-0.4014261033277864,0.6490954181429771,0.3495158665073947,0,0,0,0,0.89903304459844,0.5566519420526671,0.6572184283533039,0.7484540119983372,-0.3015206163581447,-0.2843585050784976,0.7323130337045209,0.52822453500904,0.4013582114588703,0.4014131301715308,0.2590984362225256,0.9004369366578316,0.9619379929072173,0.9482954551664634,0.9305766224676104,0.2767133867588195,0.9594570983858595,0.008778748028604566,0.930667490633279,0.9662431125528493,0.9765290313608754,0.9541888013229628,0.7950314609791359,0.9228818529026839,0.9593230913083064,0.9724966064062305,0.9025611401819479,0.787788810131893,0.84856044697982,0.7148421472453592,0.9064087035086825,0.7646573168440256,0.16374214466220938,0.6582137563965345
gennorm,0.638057270126513,0.2207232077229711,0.6334865705585642,-2.745248702584746e-06,0.8130496361743769,0.7515230501353984,0,0,0,0,0.9672826432572472,0.9576573755796824,0.9280223311410156,0.8951499948838907,0.1253453228573047,0.4106099443620417,0.0779822589858716,0.4672545470805023,0.33771854918381605,0.3571803859325835,0.18803603015940495,0.927991291920692,0.9501012755602454,0.9882956428954337,0.9022406850144878,0.6565456481720524,0.9851444104280479,0.7640971604698978,0.9487543605543498,0.9511684316020911,0.9653494291863676,0.9793911899988391,0.6178267072070246,0.8991615466359355,0.9766508821884485,0.9632259751526722,0.8483205279595136,0.8737557943977783,0.7558332038053998,0.8988513087637419,0.8884723693472409,0.7274375283693133,-2.3292479056635784e-13,0.4343163028030107
genpareto,0.4280141814151346,0.8603490235877957,0.9657036295587064,-0.2960413650503726,-0.2243614533678175,8.898637719823022e-05,0,0,0,0,0.0062532202495694,0.0097636525217331,0.0170153899663499,-0.0004124792816657,-1.0,-1.0,0.0200896128092807,-0.05418737486873981,0.57329291765737,0.552080885668673,0.3551976784284877,0.08903137933044036,-0.007052896401206876,0.004701397675947239,0.015791882298785698,0.9351440301970892,-0.12709604215283532,0.9159607229709779,-0.8413886905155041,0.030912608864002933,0.0033156232021024357,-0.11981428928839688,-0.0003286828127007091,0.05793308848122469,0.0035675043646807847,0.019192770626648592,0.4652087016374423,0.46814977483134945,0.47106077358998044,0.3941288774052758,0.3836350134557296,0.25441778798133174,-0.721376632995,0.0009013826573250894
genexpon,0.3525888607333819,0.9137498916349072,0.6861351788574845,-0.0168279665708086,-0.706736961161647,0.0037242106794118,0,0,0,0,0.0338261155892323,-0.1717401588651392,-0.2811580384969978,-1.0,-1.0,-0.1037275061634983,-0.4468265366891537,0.4365941477181903,0.5900803376796296,0.5772794305491671,0.4931985676026108,0.32810606001133147,0.22272049810939454,0.054880767906809735,0.48703248905825725,0.5155793331973352,0.08418851634292757,0.02153443125237553,0.4106731679737027,0.1826197228443045,0.05723445299948582,0.08064816279971454,0.24425521850655074,0.27836911800169806,0.04058017679021564,0.1457426043172383,0.7876798523462887,0.8107780438967549,0.5865560964032899,0.6996293101500881,0.6701684970137678,0.6052078874808815,0.1538724541617068,0.21672767188530417
genextreme,0.8452769220131846,-0.2609864106719026,0.9659684838527386,-0.1399094241730596,0.7281130688331705,-0.1619711034364266,0,0,0,0,-0.6709518805569596,-0.5444072189637206,-0.7279147719026302,0.200890356529257,-1.0,-1.0,0.2633479875208672,0.521381601696647,0.4060192857917767,0.40714737382748045,0.445995386069852,0.8149546081437061,0.9117805139276629,0.6788916159709553,0.8916603767368759,0.9104046783064733,0.7760756113364835,0.9701063052958683,0.8282325603673001,0.9211897876860479,0.8390840374245097,0.7089482800860979,0.6670382424944843,0.8953951294228168,0.6913447244405035,0.8688938664966586,0.9366558483087325,0.9425690555376881,0.967599750435885,0.9022003943368918,0.9351024189052743,0.7883177769427518,0.23478212457613212,0.6578008313879258
gausshyper,0.2426326944183333,0.9685516481658856,0.8339227144922484,0.4552268809288999,0.7946948653548958,-1.0,0,0,0,0,0.4486838826994864,0.4411884144126817,0.0101470403078884,-1.0,0.0961738816337083,0.1381044858711921,-1.0,0.4913676896198784,0.7205570916625579,0.6167170192783642,0.6406399208999989,-1.0,-1.0,-1.0,0.8933015020515427,0.6383797424701108,0.30084933451939133,0.37241944629189705,0.3416910894100671,0.40225095936304445,-1.0,0.3059167205625286,0.6734939729509082,0.8218857790704153,-1.0,0.11224326934400919,0.12378402840964964,0.13183901221259442,0.8374233772336055,0.7821051988694596,0.901477767281479,0.018936992041985068,0.21579418202185296,0.5369314568310262
gamma,0.3370084992535621,0.9048090219131796,-0.0370960802515758,-0.4368783056618242,0.7007677766528349,0.1261980329571194,0,0,0,0,0.7960851595835244,0.4775357872048272,0.5684585437913006,-0.4809630456704954,-0.10842144718083,-0.3022925476999598,-0.0158362708269792,0.5022681020650697,0.5825015174338489,0.6160056852190817,0.6827738041250975,0.8412935902762108,0.9462728029653408,0.8807396155824044,0.891777141729401,0.631688667859511,0.8949577094273682,0.3981753968330163,0.8531838714321133,0.9513640624520043,0.9068893771526666,0.8488218521009088,0.43630073316174545,0.9046817963308517,0.8486601424420204,0.924480709793461,-0.5181380979328847,-0.16015329030586978,-0.30373664153805846,-1.0,0.7951094289573951,-0.5780154417323546,0.2034218051585326,0.6333305091994319
gengamma,0.4852235543709361,0.0957478970733355,0.9872744753875016,0.0152410589362569,0.700993004176361,0.1178317406018498,0,0,0,0,0.6358248694348665,-0.6041363062652172,-1.0,-0.0133490869005463,-1.0,-0.8368820954281169,-1.0,0.5075074377081049,0.7090410602374827,0.6247452357634398,0.7617145283923297,0.8394265451112184,0.944689831634981,0.8751391464782022,0.8922430100318367,0.7788886872427321,0.8989364113962688,0.43876982230927086,0.8682787574955395,0.9492373235750742,0.9293239625006599,0.8485620613794161,0.4573791015964769,0.902563936886308,0.8466230761295769,0.9218303494426112,0.8720559992607516,0.8603914775691872,0.8944482864963508,0.77655226009373,0.8702252214729207,0.5410506107855246,0.3900080332134692,0.521307092154687
genhalflogistic,0.236419765469153,0.7822917949210391,0.5204127564828263,0.005575865581789,0.4916319716472241,0.0017947030256326,0,0,0,0,0.0848299698741553,0.1117741876433519,-0.1439431174515524,0.0142795176783798,-0.3115283695533688,0.1106890281490706,0.1512356218151217,0.273583107307553,0.5430561714286323,-0.3809289437979517,-0.23365517428610905,0.24524590468253216,0.0892524234462363,0.07059187305648829,0.05410609256132737,0.3463294823304498,0.07300099836034657,0.01018209121785496,0.31588250020829367,0.2094467503067533,0.1130389828051197,0.0752941049161917,0.3838697003578553,0.2417663457551562,0.0710307822000561,0.13371283589622007,0.584621046945774,0.5995822328372232,0.6624059736611815,0.49863040233951383,0.5755384738044707,0.40767249759219437,0.38618673432561246,0.39220365843009697
genhyperbolic,0.8072140199674783,0.9148060794960814,0.9451598972246996,-0.1266516804719915,0.7010583306671743,0.9971772714095394,0,0,0,0,0.9759447938845212,-1.0,0.9832368490426046,0.8604506150550768,0.3511520733440982,-0.1799175099010419,0.9125825991389644,0.6882461116154437,0.7307702871375208,0.5602726339210837,0.7588999288031225,0.9271231114087843,0.9596395449481343,0.988385911821214,0.911718996410509,0.799800906175826,0.9838912583672895,0.9677143406226507,0.9366065755135836,0.9655678241010454,0.9803178792339218,0.9868988957929554,0.8044983752499347,0.9052051467832583,0.9903899518663248,0.9790839454342916,0.904310739564363,0.9499613017434114,0.9549067990818589,0.9666144362412603,0.9757292659202598,0.9638769041002964,0.22226056149055928,0.6434521557320645
geninvgauss,0.8009187138722191,0.909524970043011,0.9377119052405704,0.0238306632423834,0.7010123492809377,0.1336361579927598,0,0,0,0,0.6526204633316542,0.4524032476290801,0.2584771671776759,0.0278287923683315,0.1212943289900249,-0.1867903290428145,-0.1941185726966943,0.5176949351873428,0.6784002116636203,0.6069434637515795,0.7259962870510839,0.7671543559676528,0.457635331282755,0.18952141367743724,0.8955551828292027,0.8011898909879365,0.8986728345634785,0.8979505494165119,0.8566519164102181,0.9515543432942581,0.20441624186177287,0.85278014672981,0.4474900859133286,0.9047041632978898,0.8517511654686811,0.9251964844684368,0.9270683668038237,0.9354561076868634,0.9621242680348191,0.8810245357469517,0.9266321835973064,0.7762618301691185,0.20340620996746328,0.5231636947033974
gibrat,0.6420464730827484,0.7388159236015556,0.7886043236947394,-0.1419191615740331,-0.038245843519562,-0.0010525165889048,0,0,0,0,-0.0145706633301765,-0.0398742945984664,-0.1063987058802042,-0.0035056261311163,0.0587852789983615,-0.157737182793221,-0.3772371831042955,0.1498562434440629,0.4720664577120506,0.44396833094511734,0.4385610460379602,-0.2396814132557734,-0.08475040607518824,-0.019476555356998215,-0.379023358420743,0.7669900737065517,-0.017271257358461245,0.5817784574493721,-0.2355680351243592,0.005635926614061759,-0.051320973460324604,-0.01563725172198538,-0.4062836054692047,-0.21709876217370638,-0.01919801930342202,-0.011983763735623265,0.6181068768813762,0.7091491403436787,0.7183627392599712,0.5875042121502478,0.6059070007368312,0.421442156110578,-0.40998876061297995,-1.0
gilbrat,0.6420464730827484,0.7388159236015556,0.7886043236947394,-0.1419191615740331,-0.038245843519562,-0.0010525165889048,0,0,0,0,-0.0145706633301765,-0.0398742945984664,-0.1063987058802042,-0.0035056261311163,0.0587852789983615,-0.157737182793221,-0.3772371831042955,0.1498562434440629,0.4720664577120506,0.44396833094511734,0.4385610460379602,-0.2396814132557734,-0.08475040607518824,-0.019476555356998215,-0.379023358420743,0.7669900737065517,-0.017271257358461245,0.5817784574493721,-0.2355680351243592,0.005635926614061759,-0.051320973460324604,-0.01563725172198538,-0.4062836054692047,-0.21709876217370638,-0.01919801930342202,-0.011983763735623265,0.6181068768813762,0.7091491403436787,0.7183627392599712,0.5875042121502478,0.6059070007368312,0.421442156110578,-0.40998876061297995,-1.0
gompertz,0.3148331168716705,0.8670368207916804,0.6833491049668339,-0.1583312514715187,-1.0,-1.0,0,0,0,0,-0.2201148575836546,-0.3717697140631821,-0.6684182859004011,-0.0356590302251762,-1.0,-1.0,-0.994023303573406,0.2905821741407014,0.5904236314455336,0.48129932700564293,0.48567997861292644,0.6822913288560313,0.8276748935749256,0.6269089259206614,0.8470111058202991,0.38922321550918226,0.6650011145202361,0.004621138697452065,0.756303880621825,0.7738857190490519,0.7741528052251128,-0.020003548727903775,0.6859014361379513,0.7496835306287146,0.554329498117958,0.6891977174201016,0.4395949689443358,0.47502662812125385,0.5575212442523725,0.426136286790998,0.42484055870677073,0.3141505953467464,0.4118726693752538,0.6546088272449814
gumbel_r,0.1724509731598217,0.4647800718083086,0.425470352507003,-0.4028917683517354,0.6098799629285274,0.0417375419117626,0,0,0,0,0.6110839958844125,0.3632282823919057,0.4168132121303917,0.1467354139034629,-0.3027684078732806,-0.2826337938755363,-0.1288862817042197,0.5239641534472304,0.40114333517257283,0.4009664582039364,0.2591427828391739,0.6665268352799345,0.7829742739990746,0.6377054439506817,0.6483275332671297,0.27649549092286174,0.6541650704448503,0.008776917596017841,0.6210838369865704,0.8439502005925559,0.6959583107963713,0.56847113655899,0.21112343495844643,0.7871199354490133,0.5489468486711304,0.7698429168416919,0.9028531455778952,0.7872748962162862,0.8486032280781299,0.7147586655784991,0.9062882853529554,0.7641361047651157,0.16243308263356315,0.24085807860517572
gumbel_l,-0.0124540931762644,0.0565872723507455,0.0614591237466878,-0.423204774182059,0.5993591759046526,0.0457502337418224,0,0,0,0,0.615594027045296,0.3624369345447277,0.4313305422433392,0.1382598096955599,-0.5048566507524472,-0.3000371894162332,0.1843185391794345,0.2581414561410301,0.10803577292068456,-0.01837606896243371,-0.021129154202810474,0.6177228166885345,0.8267077098166988,0.6269814702517669,0.8042459898856315,0.027734324477712513,0.6653098995345,0.00037250052369719455,0.7376378822475246,0.7708370507688959,0.7746098922443105,0.5502917579897346,0.6777258440368779,0.6635251940610556,0.5546595235853934,0.6887313930203449,0.09810431929105001,0.1787812730100743,0.07287874876944356,0.1441098969219582,0.09593955482689054,0.060294221871735276,-0.13199955250486362,0.5097672089065073
halfcauchy,0.5065272783743029,0.854007395634152,0.8919403466428906,-0.0473854221020599,-0.5512263181750008,-0.0028762846252488,0,0,0,0,-0.0689385400749429,-0.1178973904820408,-0.206334538070122,-0.0120115843414077,-0.3280456165049001,-0.6586714254887458,-0.4028160471812601,0.07174370050104828,0.5201163134136179,0.5172012415016345,0.4802209705951008,-0.413043719073406,-0.16480105023769998,-0.063262841153787,-0.7355263100922595,0.929369751248905,-0.06555947400208928,0.9546442922250908,-0.4623708064636227,-0.13831336723831122,-0.12752456064461204,-0.06139715259286982,-0.7759593470901585,-0.5740753418288231,-0.062322162178844565,-0.09646418380579003,0.43319172470765455,0.46782175011868543,0.5173264251065676,0.3832628646618025,0.4141172932780123,0.29237777600557413,-0.24977413467708787,-1.0
halflogistic,0.2365814768113786,0.8120398614251216,0.5242032666096946,-0.152572250273727,-0.2428932918237809,0.0060241350306854,0,0,0,0,-0.0429464386379032,-0.0731844732075552,-0.0384485968091852,-0.0079238557087715,-0.2021168294441844,-0.4069575531310203,-0.3123754619152301,0.16777460761920793,0.5430598682190837,0.532257012649627,0.3829717963925655,-0.19306257334521737,-0.14054930167417523,-0.041950818455029015,-0.48800713158459463,0.3463545542856885,-0.042730758713628525,0.010182622512821538,-0.2894110217292112,-0.058257159991211616,-0.09072441399568709,-0.03915215694501373,-0.5689199493459898,-0.31998479978792727,-0.041734187769618014,-0.05438479853341227,0.5846507603687089,0.5980295683794347,0.6624266557154324,0.4986367878827651,0.5756619342735891,0.4082019313451347,0.14489684751874365,-1.0
halfnorm,0.1608164990505669,0.7723774373258665,0.3211624658492686,-0.1598861167995462,-0.1705955907993943,-0.0017470226408311,0,0,0,0,-1.0,-0.3717697140631821,-0.6684182859004011,-0.0065881706390797,-0.3496445270939912,-0.3302922673659085,-0.2866598324178182,0.20140646410162577,0.5171167932136852,0.46898981972957954,0.3109801973614873,-0.11870158241460893,-0.08677497253424482,-0.03539079475427931,-0.4071512045983894,0.18514049241816077,-0.03457921918842155,0.002430808127139805,-0.23082191919904904,-0.03467785807701884,-0.07805141357940992,-0.0311205245601891,-0.5062221530611029,-0.2295757244735983,-0.037737761747342224,-0.03876925999884362,0.5221009401614536,0.565116348511123,0.4788781135872954,0.48414869217163325,0.5151627554865634,0.3518341183945576,0.24703480018948742,-0.9695157447145799
halfgennorm,0.37016309175968,0.3461534818761268,0.9970245073996103,0.1148562167290636,-1.0,-0.0115234979817238,0,0,0,0,-0.4325266388133495,-0.7230804071600287,-1.0,-0.069502249703133,-1.0,-1.0,-1.0,0.26744932186262327,0.6082699657848447,0.5842045789828898,0.41122511214168045,-0.6135853920722267,0.12293567314407094,0.08094794558040641,0.168931185353557,0.9145432538937518,-0.1181891132419759,0.004306203958639676,-0.6966447589593574,0.21492538550900742,0.10465570930294732,-0.10859727501136285,0.2050473191632075,0.24377657222638005,0.07556685435846844,0.1435059012691141,0.4626541338624207,0.5446603815081295,0.49170605256224265,0.4483058645896302,0.45477559662407596,0.306947340518522,-0.1792152439679482,0.02339281876072319
hypsecant,0.1415181063371268,0.2908945923832237,0.3806948320182525,-0.4962476314104476,0.5918895897683192,0.4007190775740911,0,0,0,0,0.9316279764092033,0.5994852199636085,0.7022258586612036,0.8028999209291279,-0.4858429450083101,-0.4692105898186447,0.0406277744624959,0.4911756041822454,0.3561299408238978,0.36327843561973505,0.21242596524250767,0.929201944829445,0.9533846904459279,0.9659092781978608,0.9242144286443202,0.2430419932642277,0.9690221309885619,0.007969776415126306,0.9465632928908502,0.9545951962034956,0.9790598498606674,0.973794002559849,0.411311005091645,0.9230625401209565,0.9759119908948308,0.9778961727288995,0.8606942330829278,0.6974089058327004,0.7853759426571195,0.6307766251640011,0.8676275439452894,0.7572057554117035,0.18214791013430576,0.64852526923589
invgamma,0.8190348361078131,0.6129063248884332,0.9489632743857424,-0.2535771082985552,0.692836414014076,0.1265207600306881,0,0,0,0,0.7741621378072601,0.3762825515156641,-1.0,0.3281190933283723,-0.1990276312248355,-0.294432710721809,-0.0572408242278776,0.5173334013390792,0.4143500104613421,0.414203810037562,0.4298627071721004,0.8337656126461728,0.9419736778785145,0.8811223448790984,0.8662289423318541,0.9304171569657771,0.889597304391642,0.9037296437021136,0.8360230795337511,0.9508825524182106,0.9111059368254675,0.8499387048557817,0.39957102973806113,0.9033978900491377,0.8332363904896518,0.9258569768852238,0.9278340769489184,0.9354833440621533,0.9625140486871161,0.8817635592049438,0.926906906611794,0.7777517581627764,0.22660536974735512,0.5882620901151907
invgauss,0.7072830907905239,0.7733054448810833,0.9761220518480332,-0.0834042272592627,0.6500684363149902,0.027892914767673,0,0,0,0,-0.0671830907706874,-0.1302576103627484,-0.2682161944361541,-0.0214702518491014,-0.0365749776636461,-1.0,-0.7187430664458216,0.5097054706847817,0.44951817410129014,0.43958229265238824,0.5445041739653818,0.8141214423669776,0.9368901446999974,0.8671369655786487,0.8457196596314652,0.9203504786750986,0.8627677606260398,0.886871498966329,0.8045484579871272,0.9426895430110549,0.8925082503966152,0.8206612999883696,0.38366505303071163,0.8943809005658322,0.816276414599137,0.9182149215599551,0.8634784234797467,0.8997467844482216,0.8874205244414839,0.8145091601014786,0.8606906569901505,0.6811954714995366,0.2195687034909276,0.556112685936001
invweibull,0.8452989174404791,-0.2755779167087362,0.8190277310160405,-0.1399091846629683,0.6082183542298261,0.0046766914820082,0,0,0,0,-0.8679512764140531,-0.5844293568795083,-0.8931480641453444,-0.8647264122328346,-1.0,-1.0,-0.9533351522447862,0.52409216581759,0.4060049114275631,0.4071766417818422,0.44599616642345685,0.6665144023249436,0.7927303155671472,0.6372918362787228,0.6483701031460881,0.910413411631232,0.6554822808319836,0.8861886499729347,0.6176699271810762,0.8457499445790411,0.6959222744138882,0.5773611515255115,0.2111710564787037,0.7954991407626886,0.549564556806234,0.763806488527073,0.9366502851021207,0.9425664314299094,0.9676015012805727,0.9021947171060928,0.9350925562624753,0.7883143420755637,0.1622612139793438,0.24219285200731577
johnsonsb,0.5805068025160113,0.9472707507911792,0.9941127822638268,0.7166976162056837,0.8050991365263162,0.0715414250416892,0,0,0,0,0.7992506904465357,0.4775977417718648,0.5689028655280717,0.3573032291332458,0.072331467538618,0.2527770161604632,0.3588228773998647,0.512685131499739,0.14718751437437416,0.606370495731554,-0.024679748534715218,0.8411184322828877,0.9459843735809875,0.8808658771538619,0.8889256091291277,0.8765474804045916,0.899405127549921,0.5345281403813862,0.867852500737001,0.9526979568105453,0.9281222703844758,0.8536173158596042,0.7452949507627947,0.8809699620594911,0.852047848642105,0.9271159458179198,0.908201083253203,0.905785171288571,0.9332210475371252,0.827946844553532,0.9052539846355355,0.7503275483200238,0.1754665362648551,0.6528803400510987
johnsonsu,0.8009637649096819,0.7020306055451724,0.9921790363882798,-0.1307161602077422,0.7007575965674018,0.9913831003704228,0,0,0,0,0.9778633891189384,0.7432305150477467,0.7739964028970682,0.9849676838238394,-0.403152442264663,-0.3021890507266718,0.7557083272768692,0.5551277778075607,0.44365263700727586,0.44118457268133426,0.2339411330792459,0.8694655976846425,0.9621124904224955,0.9814001540233872,0.9127752771003956,0.8917798682598916,0.9742607791639345,0.925058866166049,0.911314498734069,0.9647141816168999,0.9798440630244312,0.9867370449061234,0.7377549852387734,0.9047989460323929,0.990526659919448,0.978587161815331,0.9677713700945321,0.9450989689699322,0.9616665195819389,0.9523867655802581,0.9702398734365181,0.9634780125352861,0.22005850896302925,0.6659986845143329
kappa4,0.2389980541278109,0.9720716184679572,0.0277596781774305,0.1451874142397712,-0.1030604574305615,-0.0004768210695378,0,0,0,0,0.0325890997487579,0.122194063220528,-0.0371551672510226,-0.0043551853116006,0.0106093597554478,-0.0788224730315603,-0.0088161572753229,0.07012819909444101,0.08204550054950088,0.08691144068317058,0.06741289270199335,-0.060840014099354134,-0.049743563705553884,0.13758167728149961,-0.03760035548639351,0.1759515833503177,-0.01638376998907365,0.0020199777746968683,0.42715240243055974,-0.043077704509250525,-0.016283555986293274,0.019482542663916802,-0.0561713174174574,-0.10351329624943295,-0.004153380786308114,-0.03762390211367128,0.10784548498308577,0.2573166922482999,0.2070091288541006,0.14903305856167337,0.30307160563996227,0.21419638685718168,0.2713269448296073,-0.04798740520364175
kappa3,0.4586791615261192,0.7249920477085396,0.9743341362033536,-0.0833646953275137,0.4192249999846481,0.0045989480950969,0,0,0,0,-0.7951552380522464,-0.5618562411863635,-0.8710999693543211,-0.7303965643172721,-0.0053962557419748,-1.0,0.0996426320689966,0.04413677280095074,0.5334668091567429,0.5462553714526299,0.523986804050224,-0.8491328589015319,0.13452104068337678,0.0959678136607669,0.1796787699227762,0.9182488883268336,0.11308899508755599,0.25554313389755134,-0.9112934531830033,0.24551973124267246,0.1249320547188758,0.1049256680949131,0.2275946077004326,0.24807601966980897,0.09628221344802579,0.1666996946149878,0.6664271256062495,0.6363024254383738,0.7115948042995179,0.5357229948302076,0.6632254646456934,0.49693641988263315,0.4290318430258965,0.019102385610429096
ksone,-0.0040318780643149,-0.0379757307142372,-0.0010503622232946,-0.0705034993789988,-0.0655840130326843,-0.0002189625328172,0,0,0,0,-0.0061143015995459,-0.0103269365017553,-0.0185671746083444,-0.0009905286173657,-0.0077521165599574,-0.0754827545119087,-0.0276117584325945,-0.0117117764222201,-0.015000637357344804,-0.016788133515949655,-0.009937163388088477,-0.04779298891556594,-0.014140415077177115,-0.005123293292377706,-0.061280453495794696,-0.0011185223206644501,-0.005544303708600706,-5.820796570299436e-06,-0.04112131310773082,-0.0148691679382158,-0.009508207078020137,-0.005277746094616953,-0.056515033490349253,-0.057470908079449545,-0.005092309605104317,-0.00935997409168432,-0.0036477337970539647,-0.007866735596238517,-0.002727952164006675,-0.0057950872143637255,-0.003350029383073494,-0.00209252972688323,-0.10319449820434046,-0.13155735749012254
kstwo,0.0,0.0,0.0,-0.0705034993789992,0.0,0.0,0,0,0,0,0.0,0.0,0.0,0.0,-0.0077521165599576,0.0,0.0,0.0,0.0,0.0,0.0,-1.0,-0.5662231309954728,-0.2102489743799154,-1.0,-0.05250647075421555,-0.2274916444488646,-0.00023730038819813615,-1.0,-0.6013263194765714,-0.38935914682593986,-0.21712064191403013,-1.0,-1.0,-0.2088944986350687,-0.3825670205427367,0.0,0.0,0.0,0.0,0.0,0.0,-1.0,-1.0
kstwobign,0.130354782403123,0.4851338508091189,0.3082350827491199,-0.3800075977751551,0.6089995162893231,-0.0078826511814289,0,0,0,0,-0.2201148575836546,-0.3717697140631821,0.3331796174722508,-0.0356590302251762,-0.2628145984372569,-0.2283236260299377,-0.1513308688659533,0.49121658794316714,0.40132437652169073,0.3701527498295323,0.23334771129956533,0.568838145830767,0.5793265235027024,0.33031258669728614,0.5595240481873639,0.17967250017604652,0.3587303208923761,0.0027798869344684007,0.5175937741714849,0.7271682924483143,0.46424287090942407,0.3238740830762571,0.17555014676947556,0.7172854068002494,0.3061386937695414,0.545994818678232,0.6370891816072374,0.6949872773080368,0.5352382246933747,0.6023204096674448,0.631380171955075,0.4473309963726432,0.16533885500250345,0.09924013374118534
laplace,0.2842933135596943,0.2090719882233987,0.4420890811240867,-0.6290598887087242,0.33511159264229,0.5085067764232027,0,0,0,0,0.9652058398611534,0.73596844853496,0.8378353791928503,0.8704852730998189,-0.6356071661878575,-0.8208581615332582,0.0412243259091772,0.44186427305488085,0.3289529664568982,0.37309946632667124,0.19986207917991505,0.9292251622763777,0.8828351838727883,0.9881335358884968,0.879805388513284,0.3416139379789469,0.9846458365856324,0.012723358657998562,0.9465828709109235,0.877412329717232,0.945845288397591,0.9857738335749598,0.2609485869139986,0.8924553818330959,0.9862473920869065,0.9448944272426243,0.8923974516648847,0.7988821503393482,0.8070099492116919,0.751970575774696,0.9092901061104186,0.8344136039868075,0.048593410035225215,0.5064956188238537
laplace_asymmetric,0.4682494202677805,0.9125721583632492,0.6861355688336201,-0.0157331879805782,0.4036385595948346,0.5087564993014472,0,0,0,0,0.965340401159867,0.7360716639380434,0.8378503515877045,0.8705191723443501,0.3373281184854881,-0.8153711369870453,0.7680654231770845,0.6590109952475882,0.5915323394480803,0.577279695927664,0.49318482540943653,0.9310256983448617,0.9029757471075586,0.9899693134951708,0.8860104364074418,0.5156134588670652,0.9806413928689406,0.02153325078559598,0.9477483878401537,0.8726320429709253,0.9467582442483481,0.9853866642540234,0.7401523391090166,0.8965286735541332,0.9863169899207601,0.9439376786153425,0.9201467479474962,0.9074732304519907,0.9419900624304535,0.8750119446296422,0.9188203901589063,0.8175808092969145,0.018494557025995673,0.48550508253745306
levy,0.5682195070280719,0.6905205323324923,0.9753044821316368,0.1066046805749018,-0.5251655893109943,-0.002825846181587,0,0,0,0,-0.0671793992502702,-0.1302542928415506,-0.2682148008425051,-0.011823835206377,-0.162091186291146,-0.5920039209713417,-0.5383645532615857,-0.023831643116652312,0.5703709463697437,0.4533807746145405,0.6923818321783887,-0.6539423270320701,-0.1949295314264048,-0.062114882102430435,-0.8434590216899334,0.8937730463799543,-0.06459688436791255,0.8855747623938465,-0.5679539746004805,-0.12983860442707162,-0.12750478475407623,-0.061682095473674314,-0.7710695928491855,-0.7013068690136006,-0.06244321322417301,-0.09567863188388581,0.4314040274682268,0.486410912826865,0.5090799787818583,0.39969394228800736,0.4227284631719713,0.29143327498740557,-0.9351282034957387,-1.0
levy_l,-0.0896386987400761,-0.7195075165697951,-0.0238357923312377,0.0144633593223396,-0.7615340604035483,-0.0023407287653633,0,0,0,0,-0.0752521786547906,-0.1308165414562856,-0.2621190045056685,-0.0118299174862825,-0.6899592496270757,-0.609972659017924,0.1268283412819929,-0.2313119561599688,-0.3480591594157858,-0.4121443361597976,-0.24571923262150874,-0.6972007274586338,-0.12427480519999223,-0.05887210787179331,-0.7642262323185367,-0.02783910522935451,-0.06650899104490238,-0.00013378176063505443,-0.5324141207652191,-0.20717363599072436,-0.09631412381138937,-0.0653574992533763,-0.22581714220002902,-0.7464642905538319,-0.0599619125874058,-0.12364932396433459,-0.09017137042147749,-0.1880962879992938,-0.06809333733707001,-0.13851623479865594,-0.08247664902719043,-0.05169631022187038,-1.0,-1.0
logistic,0.0931549458222825,0.2893129075684828,0.3446842325724478,-0.4661496529454485,0.6445373075926544,0.0,0,0,0,0,0.8940066620850694,0.5538404783084134,0.6538690464607662,0.7408354531696891,-0.4510690889175341,-0.3860472192539621,0.0246092519081744,0.48230892175921836,0.3560005150212264,0.33623849700487884,0.19427520185596314,0.9022441489511488,0.9631432009950436,0.9465835108808063,0.9219079606909641,0.20993639607179915,0.9536108150763534,0.006253098718121741,0.9214281626154908,0.9664494377850443,0.9742267046570368,0.9541382466800579,0.43999893212130803,0.9184532614161298,0.9559646731391405,0.9724096973032248,0.0,0.6507673316665865,0.0,0.5736134121124277,0.0,0.0,0.20469748194338044,0.662246081345842
loggamma,0.0400632914751318,0.2721870326488588,0.1767333349436257,-0.4354614110864059,0.7020542553274478,0.132133622088858,0,0,0,0,0.7950018589584299,0.4764838974576917,0.5687603581214986,0.3546272348913292,-0.4077162714377238,-0.2993028809271614,0.597411795772038,0.42585175582166335,0.2956411391565704,0.2009410401271885,0.11079958605385887,0.837105271426909,0.94559696326673,0.8750480598362158,0.9127221568388786,0.0979021543930042,0.8986565881687171,0.0013070219678134043,0.868898832142234,0.946925929855214,0.9294660017915615,0.8513462139002494,0.7696115225844382,0.895127883036162,0.8517567908302877,0.9153670290284257,0.3588562835124376,0.4598265555656599,0.26861992164225124,0.3838515599729555,0.3555567338066058,0.24213370202746565,0.20968446568324162,0.6666389905521568
loglaplace,0.698053597694529,0.7087918232470556,0.6614214943419372,-0.1453294434480405,-1.0,0.0492073189266831,0,0,0,0,-0.6015601856346118,-0.4707606642699873,-0.7574000668859786,0.8705593594273346,-1.0,-1.0,0.0400018002346144,0.4598328856078183,0.6495397706512787,0.5832435338511581,0.5679127574019804,0.9294215786019866,0.8828842465312635,0.6442858271860132,0.8797686040688112,0.8877190990978694,0.9846464149845756,0.9409601618438206,0.9465868112557697,0.8771140872389926,0.9458420417369171,0.8972440792592559,0.2663574441095149,0.895664180651117,0.9862477725674237,0.9450508408399096,0.9505586161089005,0.917167774126528,0.8786498669181606,0.46548987834382716,0.9706621051318083,0.9637816149737324,0.07560612963267821,0.5062385453596168
lognorm,0.5818922614278136,-0.3696316647747595,0.992230519125024,-0.0173656419974876,0.7006948131604191,0.1340924660896275,0,0,0,0,0.796252182067465,-0.55361440047597,-0.857352727456449,-0.6180043417192511,-1.0,-1.0,0.0032541403951502,0.5132586267809196,0.44416176302670385,0.44140694034107575,0.42053216873975285,0.8414542887899672,0.9479761517626918,0.8807117158623432,0.900127672750227,0.8929184626263404,0.8988687237041667,0.8132802772406429,0.8606293275037528,0.9515425434034288,0.9257656303813069,0.8533246286635213,0.45892255252342595,0.9047598666224446,0.8522120427912793,0.9250752563319882,0.9072263092476357,0.906230239728823,0.9352153675185465,0.8265829650584426,0.9061670778640649,0.7468346930928437,0.22345596477356278,0.6532480525520878
loguniform,0.0,-0.2552532346552845,0.5436332938616779,0.0,0.0,0.0,0,0,0,0,0.0,0.0,0.0,0.0,0.0,0.0,-1.0,-1.0,0.4645197115045506,0.0630363697616686,0.048321281191409216,0.0,0.0,0.0,0.0,0.0,0.0,0.0,0.0,0.0,0.0,0.0,0.0,0.0,0.0,0.0,0.0,0.3952230160558252,0.0,0.0,0.0,0.0,0.0,0.0
lomax,0.4187393153185528,0.9134928292230612,0.9656773431481884,-0.1325219982758609,-0.3404947601843193,-0.0033556186284471,0,0,0,0,-1.0,-0.8429857949886586,-1.0,-0.0179861835883694,-0.992458787817216,-1.0,-0.5669768791762371,-0.1676719240570761,0.5646193340438814,0.5302318438659714,0.5916266817029692,-0.5541609847189342,-0.4396393029995367,-0.16015878348518275,-1.0,0.9028547849231748,-0.1169077269956269,0.8625350210449929,-1.0,-0.21953259585214568,-0.20023925869216952,-0.14887462385943961,-1.0,-0.6105844197465644,-0.10980124163260085,-0.2544526030813661,0.06067174655483676,0.45077323322395857,0.458298419763126,0.05248965196742372,0.07253041363649482,0.25377521278349036,-0.8850198131884706,-1.0
maxwell,0.0727057222424952,0.368466582695322,0.2417290131780405,-0.415417645786917,0.7046408027418765,0.0087962006633799,0,0,0,0,-1.0,-0.3717697140631821,-0.6684182859004011,0.0426041346328539,-0.3468898832938061,-0.2532660373181721,-0.0732007511860959,0.47295430851877307,0.3581476991840057,0.2908737856302396,0.16909654301061905,0.7174515279663569,0.4136451395309585,0.20748959970746972,0.7339999146368281,0.13289791005513862,0.2320818237630311,0.0019366168682126705,0.6655023368755678,0.5915081412537317,0.3156170972744634,0.22371137249391593,0.352017850855707,0.8352698200883624,0.2053567993680968,0.3977980917648438,0.4985948108093472,0.571006396605662,0.4076213045170005,0.48286786429833595,0.49372023958129385,0.3348539989484045,0.24709643133372317,0.4309739093434892
mielke,0.6293992549630026,0.8629201088240833,0.9890851895307682,0.0040495758190429,0.7641817730480976,0.1025628126529745,0,0,0,0,-0.1835270740266932,0.0,0.0,0.0,-1.0,0.0,0.4251033906645614,0.5380145676987578,0.7077261308078603,0.5884036759128884,0.768224026679702,0.8865323267993704,0.9651133446678203,0.8519339099071319,0.9119390541128047,0.5949843332255869,0.9570808067504979,0.6713544560044835,0.91868356670702,0.9054584558394858,0.9765224891974743,-0.11198435020398856,0.9090468894192563,0.9001405660036768,0.9598340681764135,0.9737342166636805,0.9670892386638302,0.9456963905495125,0.9631428452272882,-0.2215480014933895,0.3879482032259952,0.27563735839338044,0.20508272394965088,0.29570042392473006
moyal,0.2425646297236029,0.5343655364689532,0.481899411821438,-0.3661005965386763,0.5209745318200016,0.0269013349827972,0,0,0,0,0.5006479847160374,0.2905636735579285,0.318527625133206,0.1050707282154642,-0.2391323975469008,-0.2621881085731909,-0.1828428629556526,0.5052716292856506,0.4100824631748099,0.417149854071309,0.29097174601587816,0.5111611695324241,0.6499695978213902,0.49520338980711287,0.48287125834084055,0.3310301202078674,0.5182951080021612,0.011354111985679372,0.46752798236076,0.7409240458395294,0.5623158985024621,0.43456500894328487,0.09402118425099049,0.654174455080336,0.4191967451617271,0.6398539004169375,0.9220257358149575,0.8592276215960215,0.8956585039584516,0.7962826949121542,0.9218951882640952,0.7683240094064434,0.049271777369017444,-0.05008384085957518
nakagami,0.2348456035862649,0.945349497753864,0.8513963360207625,0.0289652531492282,0.7056073623892443,0.1349608029468824,0,0,0,0,0.7959996620806314,0.4774685608042338,0.5683907737792864,0.3574402002593687,-0.1504901947263541,-0.1318362331157136,0.0053372174462662,0.4737057242981424,0.7350350898859924,0.6646922202971535,0.7026524910878096,0.8405388585535569,0.9468473194852187,0.8801000031621948,0.90175745384152,0.6223131840315816,0.8976974017744851,0.39783722381087194,0.8614523779747357,0.9515012393514585,0.9256789449947629,0.8529977578289516,0.46569693508534094,0.9036482097074698,0.8505827630883205,0.9235810427329237,0.46890035217867876,0.6150966092515673,0.3556996330486293,0.5154336982829746,0.46541562048379037,0.30553088212731316,0.22823676515102187,0.6526127367858718
ncx2,0.3379968410161501,-1.0,0.6711608497750312,-0.1759838298439975,0.6827148371058787,-0.0309139437471155,0,0,0,0,-0.2083591440897148,-0.3717675135778611,-0.6682633401667541,0.0766980402991862,-0.3884177227235836,-1.0,-0.0145999219658199,0.13338461605108765,0.7342921550107462,0.6630801200642233,0.545039519910415,0.14140815996203526,-0.26419302337766815,-0.060423976862505446,-0.9224630535911187,0.7670609791063552,-0.07021736008386825,0.2546136776342671,0.7448050197106273,-0.16168709111050816,-0.16302444601139876,-0.05118805647846836,-0.8468775578483159,-0.6688460101769822,-0.08004988463220974,0.924108826332289,0.7809111487755639,0.530540749393579,0.7434622331806408,0.6300307478245202,0.7951112527088557,0.6059383220180206,-0.40370321304735435,0.6001854975467845
ncf,0.5411474429728882,0.5403260258627895,0.8988309154099515,-0.0784947424922433,0.7010790530512965,-0.004387545982925,0,0,0,0,-1.0,-0.2071997055369041,-0.261005786388282,-0.0229665689911489,-1.0,-1.0,-0.5777702117418431,-0.2876684210529359,0.5739920563954917,0.603269718622553,0.5314295328948466,-0.6897028480223062,0.43340371295152735,-0.14868984024688148,-0.5808560334101736,0.2688487078706069,0.8977731807498677,0.8234196222235566,-1.0,-0.21696672716910093,-0.22024654870606342,0.8530972725677306,-0.9194948688587676,-0.9387899993186384,0.8484323515560006,0.009434474705129037,0.27145606777621034,0.8265931057611271,0.44347527830441114,0.4473079904516688,0.926832887737272,0.7781389016765422,-0.5906778845052658,-1.0
nct,0.8788107255815373,0.3957977133165679,0.9371340650090272,-0.437375540069322,0.6989871177037259,0.9976927973785156,0,0,0,0,0.9740109463962286,0.6847498420204594,0.7348815763161467,0.9912826517929838,-0.415488613570248,-0.3018122321306495,0.0038212750659385,0.5489090961818337,0.40818050304130804,0.41031972107142567,0.3985399239249474,0.8612844191090584,0.9629394868110269,0.9772507181797293,0.9034533953451063,0.11609028604284222,0.9705823230787743,0.0017664952978099224,0.9022529325617289,0.965869204464808,0.9803521211428052,0.9856841856126487,0.6125239254213015,0.9014794008432337,0.9895912539698434,0.9791051579938539,0.9716991400380696,0.9389147379710066,0.9620189000987619,0.9430796884276051,0.9747013747670497,0.3043935283483301,0.20452049474968903,0.6520888570326457
norm,0.0427413400277665,0.2721124305360306,0.1940644575574861,-0.4368789335412479,0.7006594961848971,0.1351057157102334,0,0,0,0,0.7963139684037206,0.4775509102799377,0.5688690268812675,0.3573413752278593,-0.4137258641790111,-0.3024609041199997,0.0065398252424913,0.43432522002760154,0.3056019818139547,0.21326302948773135,0.11693360014030674,0.8404053539108512,0.9477974204292394,0.8797564467010502,0.9022561202499023,0.10190205188465307,0.8990315305144909,0.0014168998616572726,0.8622972431645235,0.9515701841043157,0.9260518560130725,0.8527434838810457,0.4630110819766825,0.898054358257317,0.8520219420463273,0.9221833216652754,0.38744433447241644,0.47991564104882833,0.30876811232197754,0.401622226502657,0.38315424374875484,0.2534890674537589,0.20688307490941515,0.653244534047083
norminvgauss,0.8577701830816472,0.6991483251365073,0.9763401263957808,-0.4370812238325656,0.7002448828539812,0.9942517387342508,0,0,0,0,0.9785964079916512,0.7192526777039847,0.7778270798994472,0.9831043367922556,-0.0287364078000817,-0.3027521745224311,0.6588818512770664,0.5485582692134766,0.44952303329465537,0.43883955000455344,0.5451794544423121,0.8855872178865369,0.9608005601381686,0.9833015157704712,0.9132332281379958,0.9205563377129287,0.9769745626991586,0.9696364721169772,0.9232536686210702,0.9633008429589215,0.9790772152993936,0.9868598383399118,0.4577326638663578,0.8990846310494223,0.990390426026491,0.9777952471955821,0.9600216284195794,0.9482655296195358,0.9417207751864842,0.9645098363797424,0.9646965466695697,0.9654718006110067,0.2240779616033326,0.6623824531022804
pareto,0.415316084225093,0.9137480593847712,0.9657035974224288,-0.0154123650229884,-0.777514988522007,-0.004160590299769,0,0,0,0,-0.1058597362516509,-0.3757474009353316,-0.6538913899438528,-0.0180309891421883,-1.0,-1.0,-0.4468025051590767,0.019960157290916603,0.4910463521394468,0.5777598569612092,0.5518629011994973,-0.5648213203939545,-0.265708661123351,-0.0935546083520864,-0.9429615419959816,0.934937970206698,-0.09900097897243043,0.8731749436345886,-0.6115702590678622,-0.21996223506687396,-0.17815440922583137,-0.09307890344138903,-0.9556583559874747,-0.7764928637508097,-0.0922942940878071,-0.15315637732309884,0.3918055887017994,0.4530140345757272,0.4580238066148288,0.36809080383317516,0.38363403600422274,0.2535854478378965,-0.20892729766961304,-1.0
pearson3,0.4177032424870761,0.9048089833579528,0.989458525563164,0.0179361864842069,0.7008575580356801,0.1351302545558687,0,0,0,0,0.7962603722733318,0.477547870149056,0.5689912294566675,0.3575387685037122,-0.1084214570805801,-0.18679032397243,0.3171107427349001,0.5022748728497121,0.6982672024084585,0.6148875630758439,0.5986627371004443,0.8412894579153978,0.945957167149756,0.8803912553180349,0.9126454282852088,0.7394274929234985,0.8994725453766033,0.23297497367008846,0.8681173400165147,0.9515302863874485,0.9285971317405575,0.853217059154942,0.7354201799959891,0.9047049262994002,0.8521316302439237,0.9246523519306484,0.7966300413586864,0.8009347369673138,0.764945454368558,0.7013258877680633,0.7951282696603121,0.6057746446338349,0.20343845129628768,0.6571842309325988
powerlaw,0.2007709665447583,0.8539879819308427,0.6818340751980525,0.179752201442006,0.0121567272335707,0.0002431014254427,0,0,0,0,0.0034743326430173,0.0098629719491191,0.0170048469566144,0.0007388357050289,-0.000211548962804,0.0199323483686197,0.1298730298611234,0.0,0.0,0.0,0.0,0.005998498976300226,0.029393628686033568,0.004458585227636425,0.09473026431005427,0.5893407186170305,0.0038432406319315326,0.3509353875173612,0.0409813010771255,0.002984923706517928,0.015243267374239422,0.003445643462375081,0.19378321458819303,0.03150949239271761,0.004407422207105105,0.0035827230322719172,0.02165807698380251,0.08249688523948273,0.06710767900363879,0.052257394258181544,0.020994323016867766,-0.0300738838332828,0.3098917902057664,0.20699665161663638
powerlognorm,0.7609355012845698,-0.7516509250848546,0.995123400978687,0.0282691956586285,0.4755514884983048,0.1370018120211241,0,0,0,0,-0.8184104152469678,-0.283906957714894,-1.0,-0.4357287144993729,-1.0,-1.0,-1.0,0.5137035237016718,0.5961850149019886,0.5579995611068205,-0.07315368873030947,0.8434633798356856,0.9466686916026077,0.8804838591298197,0.9148873508607442,0.8993721236955784,0.9045305839437645,0.813603997490377,0.8737075709171541,0.952975653272697,0.9335623438837786,0.8550972971473623,0.6243444541894068,0.9040733702343047,0.8572182328275078,0.9261236627642084,0.9061705677131777,0.9246531948974073,0.9487212298741127,0.8377106037827059,0.9049431565981699,0.7439845445672378,0.20474476222150606,0.6620373052730986
powernorm,0.0,0.0,0.0,0.0,0.0,0.1368872769569804,0,0,0,0,0.7985944397587976,0.4787516877692234,0.5711687119993245,0.3594696171891367,0.0,0.0,0.1557222792285064,0.47785837018164945,0.0,0.0,0.0,0.8392593682110183,0.9460333327487671,0.8790090673508777,0.9143859342040985,0.0,0.9036940160361869,0.0,0.8727933499611724,0.9507841709833607,0.9332361161539594,0.852931175689406,0.6401846626168701,0.9025582990584864,0.8561207454987878,0.9224835700280443,0.0,0.0,0.0,0.0,0.0,0.0,0.0,0.6647739430330699
rdist,0.0428075518504128,0.2479917588862319,0.1934027754194239,0.414407749740167,0.7820988539542466,0.1351091892442841,0,0,0,0,0.7963922310098935,0.4416521816152148,0.5585643133789762,-0.0025723067544225,-0.0887890201691574,0.1056311984859035,0.0135427656608252,0.43390702032954287,0.2324944675937739,-0.1980901449721646,-0.1385977157268068,0.839729311328932,0.9476850682292449,0.8794201816909027,0.8743864656046764,0.30156041134946243,0.8990147432180774,0.1929373339192093,0.8621186133647023,0.4378092184648802,0.14024828207378814,0.8519276230902858,0.49083240662882766,0.8698497185923659,0.8480387665640808,0.9221651373538995,0.06495325974554644,0.4794609276475901,0.2687043182526899,0.12907709249857258,0.1976464818006387,0.1355916111918365,0.0064333086307143406,0.4234494548714798
rayleigh,0.0817809749948755,0.4092873691338731,0.2511106634339243,-0.3990571872684298,0.6803913189693261,0.0047898090976041,0,0,0,0,0.151228561544484,0.1814554583475864,0.2589736410634955,0.0239972679210682,-0.3066448079942931,-0.1802812691577071,-0.1104838811822046,0.44025408368133157,0.37462391906319403,0.3113168922571521,0.18433077976802248,0.557246506142907,0.22949267876762702,0.11759755772703318,0.5007217952544217,0.13926483251938904,0.13391660233456892,0.0020206239170527107,0.4475103732895851,0.3895420253348635,0.17534084732244393,0.1297057940021591,0.23272715983032977,0.6463567957292626,0.11684128605072241,0.24425179129730534,0.5147464831478155,0.5938226521419243,0.4217389912703645,0.5028351851256245,0.5092758636079753,0.3458612931109569,0.24924764330537474,0.21623631522822861
rice,0.0817809764744244,0.4092873589991059,0.2511106609487521,-0.4011869533384,-1.0,-1.0,0,0,0,0,-0.2201148575836546,-0.3717697140631821,-0.6684182859004011,-0.0356590302251762,-0.3084146284764251,-0.198514126864808,-0.994023303573406,0.44025407898040503,0.37462392405992406,0.3113168782428266,0.18433079595052648,0.828449536608867,0.9478526126499774,0.8797689579814807,0.8907985796081498,0.13926485091031104,0.8990598208797205,0.002020623982245673,0.8519520418000918,0.9514759781811974,0.925964376177001,0.8527769520307363,0.4548236900036414,0.8982807977698221,0.8520224349668302,0.922191443250424,0.5147463762200418,0.5938226598006566,0.42173907157184254,0.5028352549589155,0.5092758780136684,0.3458613102546071,0.25646017740518334,0.6302689121059122
recipinvgauss,0.4672232065007035,-1.0,0.9309066648675908,-0.4024360560052447,0.6655502523761971,0.1297648604452285,0,0,0,0,0.7675628491203292,-0.5994606834796319,0.5420448832754918,0.3513959615661683,-0.3999559426273074,-1.0,-0.9081969544275736,0.5090897902815397,0.7336775992361949,0.5931408618987384,0.7573477626468123,0.8341043250510116,0.9417558809411545,0.876260688640365,0.8736881950922746,0.7700008283428371,0.8886795670376971,0.18485382082325008,0.8377446197219569,0.9471316097965443,0.9110825207949151,0.8472737483198006,0.42610602164007116,0.9048233855195993,0.8389819069035065,0.9224106514252555,0.859046039473115,0.8764187375865358,0.8664702209231893,0.7872107251997931,0.8568710236006123,0.6785409584030841,0.2181796539535069,0.6167240346099374
semicircular,-0.0128366368253003,0.0032363713736359,-0.000917844883558,-0.3246846092282887,0.5539426141001258,0.00361701692755,0,0,0,0,0.0962514850265942,0.1299729211606903,0.1905173602891837,0.0162403494584565,-0.2129140179880586,0.1333842281943753,-0.0283681049216641,0.05454475607397813,-0.011384547501924303,-0.058731426003957754,-0.039146237414995566,0.3696806298806027,0.19819804175163747,0.08264208406204931,0.48206118398631603,-0.0021400404228715253,0.08923752050705247,-6.797598089081092e-06,0.3775552411345082,0.20560835934623667,0.14275550036039575,0.0841099646706609,0.37637138726585784,0.48573518702869345,0.081401964136672,0.14137330430703487,0.25161037336141523,0.20140325719624497,0.1989157282465387,0.14701091902599905,0.23033631060685478,0.15399680240976,0.011323581035797892,0.4040993428270958
skewcauchy,0.906736713608862,0.8520302083290675,0.8919437156903528,-0.0492756522803536,0.4027358089120227,0.9945638984918472,0,0,0,0,0.969155107063567,0.7768611514576602,0.8422668754429962,0.9804161165663288,0.247996875587091,-0.148635252695708,0.7691055769849324,0.6566201584968975,0.520113322180564,0.517185937520002,0.4802060051643544,0.8971623734500298,0.8784515930015094,0.9662717423417863,0.8379769961888156,0.9256841097713862,0.9589346796121848,0.9561478944198909,0.917632692556256,0.8488244088410152,0.9157715544218232,0.960199121256477,0.7281832014014209,0.8466842388992026,0.9637009466372536,0.9154284570498022,0.9405367450135539,0.9217934358180859,0.9396418964903087,0.9455963661384927,0.9408690200070673,0.9610966034557955,-0.02703338905586028,0.432127754931272
skewnorm,0.1730945667345503,0.772211504718262,0.3211590218832992,-0.4368763337532937,0.7006599535339806,0.1369625416856349,0,0,0,0,0.7972051846201563,0.4785402163111473,0.5709408950367518,0.3625917918609995,0.1418070445176521,-0.3024607420488812,0.461028313520571,0.5171825568039893,0.5171526854983605,0.4672733460413049,0.311633794485739,0.8439756073925309,0.9463338575947489,0.8865850816166186,0.9150713678279502,0.18516146547336954,0.903603158532205,0.0024310952728736623,0.8733758794818565,0.9528057193019849,0.933227904591495,0.858438029554618,0.8671634642888004,0.9063517464584793,0.8560852691536622,0.929218551521284,0.5963520602943955,0.7337719212820847,0.5131660586146152,0.6314064286496399,0.5889561863747187,0.4074238498391095,0.19227013887331101,0.659024435957182
t,0.8350045348345934,0.2721219717961453,0.6197576424193174,-0.4368724827962453,0.7006350668583425,0.9975085099688684,0,0,0,0,0.9736937335159946,0.6848163725712209,0.7347467432521304,0.99181754977033,-0.4137292224923936,-0.3023722681847987,0.0065564110008601,0.49683441482316903,0.3574295308274592,0.38166097734044235,0.22977833260185887,0.8620998129238517,0.9630319726187755,0.971887294186513,0.9022466093080201,0.7823127308168726,0.9683920713620653,0.9127184736846793,0.8959630869872781,0.9662719561195299,0.9800788455692474,0.9867078347404667,0.46304676944842305,0.8980477454443121,0.9896528370835717,0.9790353993292907,0.9361109689422613,0.8544415790145261,0.8523886589337261,0.9085726332487071,0.46308015140127834,0.31786014959973163,0.20687916036724718,0.6532515553027294
trapezoid,-0.1482965152946866,-1.0,-0.0555443920567209,-0.0933851648429959,-0.6456872319010005,-0.0008483857186079,0,0,0,0,-0.0477637578978442,-0.0651964865297616,-0.1182993508349639,-0.006210272229006,-0.3778248178960401,-0.4821190431232851,0.1110548809829007,-0.3067585655950529,-0.5017950243126288,-0.5160189673910125,-0.3256461033942233,-0.4776423513789805,-0.018147042971314642,-0.02865623147746632,-0.2152359053766999,-0.05597798544471977,-0.03752800526012434,-0.0003204475386542338,-0.22968857821513033,-0.17184466101354068,-0.024560329682773885,-0.03822857351544773,0.05998191295772104,-0.4308577593226277,-0.02960518665367018,-0.08952750738308457,-0.17164137490134146,-0.32161858453310166,-0.1346465616520458,-0.24182913580757393,-0.1586625548359455,-0.1006626890782516,-1.0,-0.247755379211819
triang,0.1356185742873197,0.7389311154175915,0.0571467126702113,-0.1304459050901154,0.7746117186616616,0.0126591558226367,0,0,0,0,0.2802511859624127,0.3346587529201511,0.4667663725429898,0.0552538885390317,-0.3129102600972966,0.0376532516519358,0.392089733963407,0.3472783986295581,0.3806295455009445,0.33287194742904436,0.22745183830041493,0.7739637016770043,0.5155106660900797,0.24907464292911563,0.8918387429168325,0.05590463666590684,0.26654035954606636,0.00032534119991989296,0.78241863646238,0.5326517390642485,0.3994924874281597,0.25345967810440617,0.8158608020265297,0.8873812469917979,0.24627550530736664,0.3946004259282978,0.1709566772201503,0.31581669212455366,0.13432458334807929,0.24554401377712776,0.15978621588255582,0.1027707108904401,0.20604054996760035,0.675706452326939
truncexpon,0.0811733270778337,0.5996494922548818,0.0378385381721388,0.0017349742618253,-0.0617452628107595,-0.0011630172872487,0,0,0,0,-0.0149310845511145,-0.0266960348151019,-0.0473325269999089,-0.0034793935194288,-0.045583610332303,-0.1442807680646243,-0.1605386783986566,0.09717980059412523,0.3203815457018949,0.3228251117686859,0.21937332918365682,-0.030785423943091583,-0.07631446032694078,-0.019561423760017904,-0.23120066431654518,0.04116276680683428,-0.01911883618057919,0.00028004647953749906,-0.11608902741347982,-0.0046406217531140825,-0.054654818536820526,-0.01624884719587727,-0.3559773873848433,-0.10701251233665499,-0.01829064214409959,-0.016348710432642743,0.10867105760582851,0.1729371152499234,0.08829215034563764,0.16248524418257726,0.14769700848474354,0.0957694759304284,0.3156332512277622,-0.5987000919669261
truncnorm,0.1487332677766564,-1.0,0.3211646105220535,-0.4368789335412479,0.7006594961885526,0.1351057161748871,0,0,0,0,0.7963139683418484,0.4775509102799377,0.5688690268812677,0.3573413789082816,-0.4137258643011774,-0.3024609041199997,0.0065398323683573,0.2515411358422476,0.5174965277908785,0.4700622751040824,0.3128338787894115,0.32212273161704885,0.12458972426673087,0.06801139579334048,0.30328223834381907,-0.001513448314572674,0.09548526171517391,-1.0751228071148589e-05,0.23885046514554797,0.1343958832308133,0.06701616477956907,0.0964182982802525,0.09346418896499342,0.3687316112837218,0.044792108602788594,0.14898364866040037,0.5176441619456271,0.5421438947627419,0.5686963421498142,0.427462021492761,0.41747979847283534,0.2969932125013528,0.25218195852432923,0.14404332529640185
truncpareto,0.4166338432551993,0.9074565922636576,0.9632847539635734,-0.0423735654737209,-0.942188951255198,-0.0050174361244015,0,0,0,0,3.461241984770158e-05,-0.3372060399061687,-0.6486025424373769,-0.0216139543570181,-1.0,-1.0,-0.5490004116167231,0.009181991877042495,0.602839352018449,0.5709258584667717,0.5308076839716711,0.013019708734992919,-0.32282954720959633,-0.11236998070984128,-1.0,0.9361775135082708,2.854597972556938e-06,0.8741095506776336,-7.536136159558282e-10,-0.2615569551741941,-0.21572207074863292,9.988656690884667e-06,-1.0,0.0015663507809163812,-0.11080692301621342,-0.1824140974947679,0.39175329255595426,0.45272533626790046,0.4587403949711103,0.3692128952231104,0.38359926007140177,0.25356663223546727,-0.34415628037170887,-1.0
truncweibull_min,0.2135084800128293,0.4044933390046543,0.9206982864970212,-0.1136646240625971,0.3205553909778682,0.0011121442030809,0,0,0,0,0.0300604627186139,0.0542242257380028,0.0743153250396602,0.0063330296449579,0.0203434756111187,0.0991831177949079,0.1122074664720635,0.16973324695258685,0.7090941501366023,0.6152819396135636,0.7829253801582987,0.21236762336374748,0.06739051892645731,0.035763256092672946,0.17754460844814546,0.5748169982726923,0.026835995104757426,0.017151711824101135,0.17031513616083416,0.12294334916397531,0.04627752815939323,0.04958072002848879,0.09625287525858772,0.273913938741288,0.028730547255992778,0.07514413302299927,-0.017369590938388635,0.2225919135765736,-0.016951050290425762,0.11426968992121034,0.18795981390020666,-0.007068065011692326,0.3144206667481937,0.38129173001151206
tukeylambda,0.0096776430921711,0.0506944999455623,0.6270903894061834,0.1143559172412407,0.786902583871538,0.9758760614853668,0,0,0,0,0.97518415547581,0.701121065958993,0.7502654224900817,0.8482594606613122,0.0155159421547477,0.1407849737426442,-0.0066777575631054,0.4956969345165685,0.3546441938074878,0.05205101693197001,0.04046576506655142,0.8747786868625962,0.9612880145991621,0.9390811693064197,0.8790425057738209,0.011571627214796654,0.9648456572924009,0.0007473006301542684,0.905952501219764,0.9640179507566718,0.9795711336746665,0.9872477064000194,0.4943572829574,0.8741260352229425,0.9903021109291713,0.9785437690923957,0.9328926252362618,0.8638571093269287,0.8486198406169684,0.9117606686999297,0.20330493586160792,0.13979446193291567,-6.67738920152594e-05,0.6092166339288279
uniform,0.0,0.0,0.0,1.1102230246251563e-16,-2.220446049250313e-16,0.0,0,0,0,0,0.0,0.0,0.0,0.0,0.0,0.0,0.0,0.0,0.0,0.0,0.0,0.0,0.0,0.0,0.0,-2.220446049250313e-16,0.0,0.0,0.0,0.0,1.1102230246251565e-16,0.0,-2.220446049250313e-16,0.0,0.0,0.0,0.0,0.0,0.0,0.0,-2.220446049250313e-16,2.220446049250313e-16,2.220446049250313e-16,0.0
vonmises,-1.0,-1.0,-1.0,-1.0,-1.0,-1.0,0,0,0,0,-1.0,-1.0,-1.0,-1.0,-1.0,-1.0,-1.0,-1.0,-1.0,-0.36512576937865027,-0.21630297976040525,-1.0,-1.0,-1.0,-1.0,-1.0,-1.0,-1.0,-1.0,-1.0,-1.0,-1.0,-1.0,-1.0,-1.0,-1.0,-1.0,-1.0,-1.0,-1.0,-1.0,-1.0,-1.0,-1.0
vonmises_line,0.0887251843917766,0.272284037983466,0.2201252364316824,-0.0007808714208579,0.700479874983408,0.0215311688656425,0,0,0,0,0.7955989832146372,0.5128467704398594,0.6600192059270643,0.3948351477257341,-0.0020177542295614,0.003941843433964,0.0501206791771925,0.47004794716632226,0.2578996631085929,0.35130380075872625,0.20504320293892864,0.8922413388366138,0.7383677214993145,0.45605354018855915,0.8861934683607612,-0.040266803543920426,0.9149704653645183,0.0016857102407795699,0.9162735384572632,0.967304125876846,0.9497368712723013,0.8511330038663607,0.45777490293561796,0.8981348098138158,0.886430588545508,0.9468539016204787,0.9177618822820591,0.6632019312109836,0.6073042899309855,0.5744915602436322,0.9216919408606821,0.8701896622354395,0.09180075242722407,0.7650553300087151
wald,0.6180671768500556,0.7260520062328227,0.7267779448883467,-0.14794988248756,0.1498219390443061,0.0003690860350678,0,0,0,0,0.0261574434275019,-0.0010625962389732,-0.0712704207798062,0.0029876676191822,0.1275142505780495,-0.053709493234352,-0.3736058938670423,0.17831837379186022,0.46690107343269005,0.4396087575293306,0.4289054043705075,-0.19872394672113125,-0.007697744431652609,0.0138813532021419,-0.2748948572126273,0.6330852202685319,0.01880549620296601,0.04216553249819832,-0.17722345339588452,0.09837509994969007,0.002943085880377283,0.017154136817183363,-0.2538254432403979,-0.10691256845545882,0.012071207800178785,0.04831209754576837,0.7068087428914561,0.8095412853487143,0.8074752110977436,0.6894365571350611,0.6929139929465995,0.49568393959769896,-0.4441323823063672,-1.0
weibull_min,0.3516528324046269,0.8837175125717721,0.9699337909138692,-0.0263743184365876,0.7264387031795397,0.0800514016478919,0,0,0,0,0.7578793088847815,0.4451516869296636,0.5349790179496401,0.1922719150239491,-0.1486890520435606,-0.175712217656295,0.1850649882036261,0.45410795662787196,0.7189066588086417,0.6099696844336546,0.6358497257815612,0.8068622572265443,0.9090370163226367,-1.0,0.9040476872410979,0.800530685900072,0.795788170906444,0.3753355292975986,0.8472151924496996,0.9110631254625863,0.8738040489674958,0.6933566343866144,0.6776271161088958,0.8862556686769766,0.696823248947834,0.8331697580421651,0.6057847293298648,0.6976233794776768,0.4927937013941496,-0.926352276519288,0.5981450839055394,0.4166522528971921,0.22874117177270226,0.6671468583808575
weibull_max,0.17146296301918,-1.0,-0.1036608903386731,-0.1159063545043057,0.7281128822196429,-0.5921259851464895,0,0,0,0,-0.4619720007789738,-0.4507870137258938,-0.7405838294865674,-0.3334306353495915,-1.0,-1.0,-0.919110445868402,-0.9878555897030923,-1.0,-0.8319615994196436,-0.37083844326768234,0.8149587385563386,0.9117870702852795,0.7703013314857725,0.8916533492570672,0.2793047515067283,0.7761096119113895,0.008730291990983963,0.8282289815666605,0.9211838671900633,0.8390859192153233,0.7089389464378317,0.6670672470874295,0.8953983344508701,0.6913606584421514,0.8688912362629926,-0.9053190130894428,-1.0,-0.6964267699108833,-0.986419638645712,-0.8227372182557431,-0.6739186224657996,0.23478438254913137,0.6577780027873797
wrapcauchy,0.2109335694342826,0.083227966212289,0.4272578672570701,0.9794444399405192,-1.0,-0.0156955568410093,0,0,0,0,-0.0002443051714602,-0.001188777129063,-0.0110065655432403,-4.499053719930757e-05,0.0770054399279505,-3.886160282462469e-10,0.0043647477633859,-1.4072553078392502e-07,0.10194362168234916,0.17109507700763704,0.23464569211148767,-0.0002824644183938574,-0.00033387668191853237,-0.0007802114325761167,-0.00029147773482973705,0.49053176964964673,-0.0002513588789425647,0.4774473623015403,-0.001717130993203586,-0.0023284174909341537,-0.005954640394278732,-0.0002124352127041984,-0.0159671909026029,-0.0003498717500665105,-0.00023534984728823538,-0.0014152023924782764,0.195513789202732,0.13692242625207662,0.24428327102507363,0.11863543363490126,0.1721242430293357,0.13205040031053839,-4.0271643325873185e-05,-0.00221138960636047
